{
    "args": {
        "ap-ml-cpu-hyperparam-d": 0.8571428571428571,
        "ap-ml-cpu-hyperparam-wdeltal": 0.0,
        "ap-ml-cpu-hyperparam-wdeltam": 0.0,
        "ap-ml-cpu-hyperparam-wo": 0.14285714285714285,
        "ap-ml-cpu-hyperparam-wu": 0.0,
        "ap-ml-memory-hyperparam-d": 0.8216432865731462,
        "ap-ml-memory-hyperparam-wdeltal": 0.14228456913827653,
        "ap-ml-memory-hyperparam-wdeltam": 0.7094188376753506,
        "ap-ml-memory-hyperparam-wo": 0.8577154308617234,
        "ap-ml-memory-hyperparam-wu": 0.06012024048096192
    },
    "result": {
        "cpu-average-gap": 237.71055592916386,
        "memory-average-gap": 323322296.22690463,
        "cpu-overrun-seconds": 14427,
        "memory-overrun-seconds": 1331,
        "oom-seconds": 50,
        "cpu-request-adjust-times": 128,
        "memory-request-adjust-times": 100
    }
}