{
    "args": {
        "ap-ml-cpu-hyperparam-d": 0.8571428571428571,
        "ap-ml-cpu-hyperparam-wdeltal": 0.0,
        "ap-ml-cpu-hyperparam-wdeltam": 0.0,
        "ap-ml-cpu-hyperparam-wo": 0.14285714285714285,
        "ap-ml-cpu-hyperparam-wu": 0.0,
        "ap-ml-memory-hyperparam-d": 0.7142857142857142,
        "ap-ml-memory-hyperparam-wdeltal": 0.14285714285714285,
        "ap-ml-memory-hyperparam-wdeltam": 0.7094188376753506,
        "ap-ml-memory-hyperparam-wo": 0.8571428571428571,
        "ap-ml-memory-hyperparam-wu": 0.06012024048096192
    },
    "result": {
        "cpu-average-gap": 237.6704756033774,
        "memory-average-gap": 323323373.04827094,
        "cpu-overrun-seconds": 10840,
        "memory-overrun-seconds": 1875,
        "oom-seconds": 117,
        "cpu-request-adjust-times": 128,
        "memory-request-adjust-times": 224
    }
}