{
    "args": {
        "ap-ml-cpu-hyperparam-d": 0.8571428571428571,
        "ap-ml-cpu-hyperparam-wdeltal": 0.0,
        "ap-ml-cpu-hyperparam-wdeltam": 0.0,
        "ap-ml-cpu-hyperparam-wo": 0.14285714285714285,
        "ap-ml-cpu-hyperparam-wu": 0.0,
        "ap-ml-memory-hyperparam-d": 0.368285781054259,
        "ap-ml-memory-hyperparam-wdeltal": 0.30501293827212084,
        "ap-ml-memory-hyperparam-wdeltam": 0.40750466856357603,
        "ap-ml-memory-hyperparam-wo": 0.9185342474502235,
        "ap-ml-memory-hyperparam-wu": 0.26903596153796994
    },
    "result": {
        "cpu-average-gap": 237.68494059627886,
        "memory-average-gap": 280172509.920628,
        "cpu-overrun-seconds": 11831,
        "memory-overrun-seconds": 1755,
        "oom-seconds": 100,
        "cpu-request-adjust-times": 128,
        "memory-request-adjust-times": 200
    }
}