{
    "args": {
        "ap-ml-cpu-hyperparam-d": 0.8571428571428571,
        "ap-ml-cpu-hyperparam-wdeltal": 0.0,
        "ap-ml-cpu-hyperparam-wdeltam": 0.0,
        "ap-ml-cpu-hyperparam-wo": 0.14285714285714285,
        "ap-ml-cpu-hyperparam-wu": 0.0,
        "ap-ml-memory-hyperparam-d": 0.831333530814776,
        "ap-ml-memory-hyperparam-wdeltal": 0.41092348607182083,
        "ap-ml-memory-hyperparam-wdeltam": 0.0869779512104476,
        "ap-ml-memory-hyperparam-wo": 0.5737529766252111,
        "ap-ml-memory-hyperparam-wu": 0.45943940351785406
    },
    "result": {
        "cpu-average-gap": 237.4913012777404,
        "memory-average-gap": 434747525.1885575,
        "cpu-overrun-seconds": 16660,
        "memory-overrun-seconds": 308,
        "oom-seconds": 8,
        "cpu-request-adjust-times": 126,
        "memory-request-adjust-times": 18
    }
}