{
    "args": {
        "ap-ml-cpu-hyperparam-d": 0.8571428571428571,
        "ap-ml-cpu-hyperparam-wdeltal": 0.0,
        "ap-ml-cpu-hyperparam-wdeltam": 0.0,
        "ap-ml-cpu-hyperparam-wo": 0.14285714285714285,
        "ap-ml-cpu-hyperparam-wu": 0.0,
        "ap-ml-memory-hyperparam-d": 0.013881227092904957,
        "ap-ml-memory-hyperparam-wdeltal": 0.2549914342296483,
        "ap-ml-memory-hyperparam-wdeltam": 0.10142258962308304,
        "ap-ml-memory-hyperparam-wo": 0.8071417444259086,
        "ap-ml-memory-hyperparam-wu": 0.047251035355212245
    },
    "result": {
        "cpu-average-gap": 237.713369199731,
        "memory-average-gap": 332631821.20635134,
        "cpu-overrun-seconds": 14527,
        "memory-overrun-seconds": 379,
        "oom-seconds": 47,
        "cpu-request-adjust-times": 128,
        "memory-request-adjust-times": 92
    }
}