{
    "daemon_0": {
        "cpu": 0.3138284951712028,
        "memory": 129529762
    },
    "daemon_1": {
        "cpu": 0.11709845127304655,
        "memory": 114054018
    },
    "daemon_2": {
        "cpu": 0.3556202282704127,
        "memory": 129263138
    },
    "daemon_3": {
        "cpu": 0.11497435645302899,
        "memory": 111758740
    },
    "daemon_4": {
        "cpu": 0.13194031255487274,
        "memory": 185022183
    },
    "serverless_0": {
        "cpu": 0.13445899912203688,
        "memory": 134252237
    },
    "serverless_1": {
        "cpu": 0.2271988551360843,
        "memory": 251833108
    },
    "serverless_2": {
        "cpu": 0.1920206286215979,
        "memory": 287740310
    },
    "serverless_3": {
        "cpu": 0.146731174714662,
        "memory": 202728053
    },
    "serverless_4": {
        "cpu": 0.20494611413520633,
        "memory": 176106297
    },
    "serverless_5": {
        "cpu": 0.18766857945566284,
        "memory": 164942896
    },
    "serverless_6": {
        "cpu": 0.12539306760316066,
        "memory": 163551818
    },
    "serverless_7": {
        "cpu": 0.18862341703248464,
        "memory": 262318359
    },
    "serverless_8": {
        "cpu": 0.22846527129060584,
        "memory": 301216379
    },
    "serverless_9": {
        "cpu": 0.6252857172958736,
        "memory": 262840013
    },
    "serverless_10": {
        "cpu": 0.16370718173836699,
        "memory": 172246055
    },
    "serverless_11": {
        "cpu": 0.1279761545215101,
        "memory": 170802812
    },
    "serverless_12": {
        "cpu": 0.1902014117647059,
        "memory": 259501425
    },
    "serverless_13": {
        "cpu": 0.2922182686567164,
        "memory": 233801259
    },
    "serverless_14": {
        "cpu": 0.19002049517120284,
        "memory": 177375656
    },
    "serverless_15": {
        "cpu": 0.19367903072870937,
        "memory": 174715219
    },
    "serverless_16": {
        "cpu": 0.1652550237050044,
        "memory": 175915024
    },
    "serverless_17": {
        "cpu": 0.16351621422300264,
        "memory": 160543612
    },
    "serverless_18": {
        "cpu": 0.36221288849868305,
        "memory": 175845470
    },
    "serverless_19": {
        "cpu": 0.11370384547848991,
        "memory": 169950777
    },
    "serverless_20": {
        "cpu": 0.12696101141352065,
        "memory": 164038695
    },
    "serverless_21": {
        "cpu": 0.2600151150131695,
        "memory": 85181959
    },
    "serverless_22": {
        "cpu": 0.5618442985074628,
        "memory": 181270674
    },
    "serverless_23": {
        "cpu": 0.1677878560140474,
        "memory": 290035589
    },
    "serverless_24": {
        "cpu": 0.16676266198419668,
        "memory": 272125459
    },
    "serverless_25": {
        "cpu": 0.21653482704126426,
        "memory": 210483314
    },
    "serverless_26": {
        "cpu": 0.18222097980684812,
        "memory": 178192914
    },
    "serverless_27": {
        "cpu": 0.18181894293239687,
        "memory": 271847243
    },
    "serverless_28": {
        "cpu": 0.1980109780509219,
        "memory": 269743238
    },
    "serverless_29": {
        "cpu": 0.1946740719929763,
        "memory": 277168117
    },
    "serverless_30": {
        "cpu": 0.21581116066725198,
        "memory": 178888453
    },
    "serverless_31": {
        "cpu": 0.4777080316066725,
        "memory": 177219160
    },
    "serverless_32": {
        "cpu": 0.4603400386303776,
        "memory": 177236548
    },
    "serverless_33": {
        "cpu": 0.13751447936786657,
        "memory": 170611539
    },
    "serverless_34": {
        "cpu": 0.17745684284460056,
        "memory": 279811165
    },
    "serverless_35": {
        "cpu": 0.5228869253731343,
        "memory": 172437329
    },
    "serverless_36": {
        "cpu": 0.537531118525022,
        "memory": 187061037
    },
    "serverless_37": {
        "cpu": 0.15947574363476735,
        "memory": 185148304
    },
    "serverless_38": {
        "cpu": 0.21780124319578578,
        "memory": 263483386
    },
    "serverless_39": {
        "cpu": 0.18045201755926252,
        "memory": 191599429
    },
    "serverless_40": {
        "cpu": 0.21523825812115896,
        "memory": 293304622
    },
    "serverless_41": {
        "cpu": 0.5021820263388937,
        "memory": 270786546
    },
    "serverless_42": {
        "cpu": 0.2251987216856892,
        "memory": 294069715
    },
    "serverless_43": {
        "cpu": 0.12266926777875331,
        "memory": 237609335
    },
    "serverless_44": {
        "cpu": 0.17569793151887622,
        "memory": 290331193
    },
    "serverless_45": {
        "cpu": 0.5675632730465321,
        "memory": 184644038
    },
    "serverless_46": {
        "cpu": 0.2126953748902546,
        "memory": 262561798
    },
    "serverless_47": {
        "cpu": 0.41933227743634766,
        "memory": 173341530
    },
    "serverless_48": {
        "cpu": 0.574086321334504,
        "memory": 180870740
    },
    "serverless_49": {
        "cpu": 0.30569655487269537,
        "memory": 186904540
    },
    "serverless_50": {
        "cpu": 0.2015388516242318,
        "memory": 256632327
    },
    "serverless_51": {
        "cpu": 0.13985634416154524,
        "memory": 354529444
    },
    "serverless_52": {
        "cpu": 0.15694291132572433,
        "memory": 185583016
    },
    "serverless_53": {
        "cpu": 0.16087282177348555,
        "memory": 190225739
    },
    "serverless_54": {
        "cpu": 0.16801902721685688,
        "memory": 197424568
    },
    "serverless_55": {
        "cpu": 0.19479468305531167,
        "memory": 264978795
    },
    "serverless_56": {
        "cpu": 0.180683188762072,
        "memory": 328811889
    },
    "serverless_57": {
        "cpu": 0.19276439683933275,
        "memory": 230810441
    },
    "serverless_58": {
        "cpu": 0.21951995083406498,
        "memory": 277446333
    },
    "serverless_59": {
        "cpu": 0.21466535557506586,
        "memory": 172785099
    },
    "serverless_60": {
        "cpu": 0.16756673573309924,
        "memory": 186713267
    },
    "serverless_61": {
        "cpu": 0.23126947848990345,
        "memory": 258614614
    },
    "serverless_62": {
        "cpu": 0.11217610535557507,
        "memory": 172680767
    },
    "serverless_63": {
        "cpu": 0.21948979806848112,
        "memory": 261814093
    },
    "serverless_64": {
        "cpu": 0.24414470939420543,
        "memory": 250181203
    },
    "serverless_65": {
        "cpu": 0.1262674978050922,
        "memory": 185270024
    },
    "serverless_66": {
        "cpu": 0.4689838314310799,
        "memory": 181218509
    },
    "serverless_67": {
        "cpu": 0.17880366637401232,
        "memory": 280298042
    },
    "serverless_68": {
        "cpu": 0.1839095346795435,
        "memory": 168177153
    },
    "serverless_69": {
        "cpu": 0.16680286567164182,
        "memory": 183757226
    },
    "serverless_70": {
        "cpu": 0.21060478314310802,
        "memory": 293113349
    },
    "serverless_71": {
        "cpu": 0.17880366637401232,
        "memory": 281619566
    },
    "serverless_72": {
        "cpu": 0.18130634591747147,
        "memory": 278872187
    },
    "serverless_73": {
        "cpu": 0.5325257594381035,
        "memory": 183531176
    },
    "serverless_74": {
        "cpu": 0.17753725021949077,
        "memory": 305946044
    },
    "serverless_75": {
        "cpu": 0.47630090254609303,
        "memory": 199250358
    },
    "serverless_76": {
        "cpu": 0.16322473748902547,
        "memory": 202710665
    },
    "serverless_77": {
        "cpu": 0.22055519578577704,
        "memory": 257484362
    },
    "serverless_78": {
        "cpu": 0.4805725443371378,
        "memory": 187565302
    },
    "serverless_79": {
        "cpu": 0.18104502194907818,
        "memory": 292330868
    },
    "serverless_80": {
        "cpu": 0.169627174714662,